comparison,measure,posterior,HDI-low,HDI-high
negative < neutral,prior,0.9991666666666666,0.317492,1.17271
neutral < positive,prior,0.9988333333333334,0.5665620000000001,1.583663
neutral < negative,prior-confidence,0.9925,0.117401,1.26239
negative < positive,prior-confidence,0.7895,-0.507708,1.18462
neutral < positive,prior-confidence,0.9953333333333333,0.360329,1.7496990000000001
