comparison,measure,posterior,HDI (low),HDI (high)
pos vs neg polarity,belief change,0.45525,-0.08102126666666673,0.06659401111111113
low vs high certainty,belief change,0.99975,0.0658995,0.16813333333333325
high certain vs exh,belief change,0.999,0.06915666666666681,0.2003228333333333
