comparison,measure,posterior,HDI (low),HDI (high)
non-answer < low certainty,relevance,1,1.8335325,2.5278408666666667
low certain < high certain,relevance,0.9965,0.13665389666666672,0.8850350333333336
high certain < exhaustive,relevance,1,0.9448637266666658,1.8827871666666667
answer: pos < neg,relevance,0.43075,-0.3106660000000001,0.25141711111111076
context: neutral > pos,relevance,0.9855,0.018246471428571054,0.32285571428571425
context: neutral > neg,relevance,0.88975,-0.05356924285714282,0.22339256857142853
